Phone_info,Phone_Price
"Apple IPhone 11 6.1-Inch Liquid Retina LCD (4GB RAM, 64GB ROM) IOS 13, (12MP+12MP)+12MP 4G LTE Smartphone-Nano Sim-PURPLE","₦500,000"
"Apple IPhone 12 Pro Max - 6.7-Inch - 128GB ROM, 6GB RAM - IOS 14","₦690,000"
Apple IPhone 16 - 8GB-256GB - 5G - Ultramarine,"₦1,899,000"
PHILLY 50W Iphone Type-c To Lighting  Fast  Charger,"₦3,912"
IPhone 6 99.9%NEW 1GB RAM+16GB ROM 1810mAh Single SIM 4.7 Inch Retina HD Display 8MP Camera Touch ID Smartphone,"₦65,906"
Apple IPhone 6s Plus 99.9%NEW 2GB RAM+32GB ROM 2750mAh Single SIM 5.5 Inch Screen HD Camera 12MP Touch ID  Smartphone,"₦88,907"
"Apple IPhone 11 Pro Max 6.5-Inch (4GB RAM, 256GB ROM),iOS 13, (12MP+12MP+12MP)+12MP 4G LTE Smartphone - Midnight Green","₦615,000"
"Apple IPhone 15 Pro Max 6.7"" 512GB Nano-SIM 5G - Natural Titanium","₦1,900,000"
Apple IPhone 16 Pro Max  - 8GB - 256GB -5G - Black Titanium,"₦2,299,000"
"Apple IPhone 14 Pro Max 6.7"" (256GB ROM + 6GB RAM) Nano Sim-Purple","₦1,450,000"
K9 Double Wireless Lapel Microphone Tie Mic TYPE-C Phones Android IPhone + IOS Adapter,"₦9,197"
"Holder Portable Phone Holder Mobile IPhone, Smart Phones (Foldable)","₦2,700"
"Apple IPhone 12 Pro Max - 6.7Inch - 128GB, 6GB RAM - IOS 14 - Gold","₦690,000"
"Apple IPhone 16 Plus 5G - 6.7"" - 128GB ROM - 8GB RAM - Single SIM - Pink","₦1,650,000"
"Apple IPhone 13 - 6.1"" - 128GB ROM, 4GB RAM, 3240mAh - Green","₦720,000"
Ace-Type TypeC Charger 120W Fast Android USB Cable Samsung IPhone C FOR PHONES,"₦5,529"
IPhone 6 99.9%NEW 1GB RAM+16GB ROM 1810mAh Single SIM 4.7 Inch Retina HD Display 8MP Camera Touch ID Smartphone,"₦65,906"
"Apple IPhone XR - 6.1"" - 64GB ROM, 3GB RAM, 2942mAh - Black","₦760,000"
"Apple IPhone 11 Pro Max 6.5-Inch Super Retina (4GB RAM, 64GB ROM),iOS 4G LTE Smartphone - Gold","₦655,000"
K9 Dual Wireless Lapel Microphone Lavalier Tie Mic Condenser Double TYPE-C Android Phones IPhone + IOS Adapter,"₦10,643"
Apple IPhone 16 Pro Max  - 8GB - 512GB -5G - Natural  Titanium,"₦2,750,000"
"Iphone 6 - 4.7"" - 1/64GB - 8Mpx - 4G (Reconditionné) -Space Grey","₦77,500"
"Apple IPhone 16 Plus 5G - 6.7"" - 256GB ROM - 8GB RAM - Single SIM - Ultramarine","₦1,650,000"
K9 Double Wireless Lapel Microphone Tie Mic TYPE-C Phones Android IPhone + IOS Adapter,"₦9,454"
Apple IPhone 6s Plus 99.9%NEW 2GB RAM+64GB ROM 2750mAh Single SIM 5.5 Inch Screen HD Camera 12MP Touch ID  Smartphone,"₦99,003"
"Apple iPhone 14 Pro Max 6.7"" - 256GB ROM - 6GB RAM - iOS 16 - Nano Sim - Deep Purple","₦1,440,000"
"Apple IPhone XR - 6.1"" - 64GB ROM, 3GB RAM, 2942mAh - Blue","₦760,000"
"Apple IPhone 13 Pro Max - 6.7"" - 256GB ROM - 6GB RAM - IOS 15 - 4352mAh - Blue","₦950,000"
"Apple IPhone 12, 6.1-Inch 128GB ROM 5G  - Pacific Blue  Power Bank","₦610,000"
Apple IPhone 6s Plus 99.9%NEW 2GB RAM+64GB ROM 2750mAh Single SIM 5.5 Inch Screen HD Camera 12MP Touch ID Refurbished Smartphone,"₦99,003"
"Apple IPHONE 11 PRO MAX 6.5"" (12+12+12PM) 256/4GB Matte Space Gray","₦610,000"
HEAVY DUTY 120W SMART IPHONE USB-C To LIGHTING PD FAST LIGHTING CHARGER,"₦4,940"
"Apple IPhone 12 6.1 Inches 5GB RAM, 64GB ROM, - Black","₦550,000"
"Apple IPhone 14 Pro 6.1"" (128GB ROM + 6GB RAM) Nano Sim - Purple","₦1,150,000"
"Holder Portable Phone Holder Mobile IPhone, Smart Phones(Long)","₦3,267"
Apple iPhone 16 (256 GB) – Black,"₦1,370,446"
TiLECC Wireless Lapel Microphone Type-c For IPhone Android IPad,"₦11,200"
Double Wireless Microphone TYPE-C Android Phone IPhone +IOS Adapter,"₦9,200"
Apple iPhone 6 Renewed 99.9%New 32G Unlocked FingerPrint A++,"₦73,305"
Apple IPhone 6s Plus 99.9%NEW 2GB RAM+32GB ROM 2750mAh Single SIM 5.5 Inch Screen HD Camera 12MP Touch ID Refurbished Smartphone,"₦88,907"
"Apple IPhone 12 Pro Max - 6.7Inch - 256GB, 6GB RAM - IOS 14 - Gold","₦740,000"
"Apple IPhone XR - 6.1"" - 64GB ROM, 3GB RAM, 2942mAh - Coral","₦760,000"
"Apple IPHONE 12 PRO  (6.1 INCH)  5G (6GB RAM, 256GB ROM) - Blue","₦675,000"
"Apple iPhone 13 Pro 5G - 6.1"" 256GB ROM, 6GB ROM - Sierra Blue","₦835,000"
Quality IPHONE 16 Promax/16 Pro/16/15 Promax/15 Pro/15 Plus/15/14 Promax/14 Pro/14/13 Promax/13 Pro/13/12 Promax/12 Pro/12/11 Promax/11 Pro/11/Xs Max/X/Xs/Xr/8 Plus/7 Plus/7/8 Quality Magnetic Magsafe Transparent Back Case,"₦3,300-₦4,270"
"Apple iPhone 13 Pro 5G - 6.1"" 256GB ROM, 6GB RAM - Sierra Blue","₦835,000"
Apple IPhone 16 Pro Max - 8GB - 512GB - Single Sim - 5G - Black Titanium,"₦2,150,000"
"Apple IPhone 12 Pro Max 5G - 6.7"" (256GB/6GB) + Powerbank - Silver","₦850,000"
"Hollyland Lark M1 Wireless Lavalier Microphone With Noise Cancellation, 656ft Transmission,8H Battery Life, Compact Wireless Lapel Microphone System For DSLR Cameras/iPhone/Android/Live Streaming","₦47,081"
"Apple IPhone 13 - 6.1"" - 128GB ROM, 4GB RAM, 3240mAh - White","₦630,000"
"Apple iPhone 14 Pro Max 6.7"" - 256GB ROM + 6GB RAM - iOS 16 - Nano Sim- Gold","₦1,440,000"
"Apple IPhone 13 - 6.1"" - 128GB ROM, 4GB RAM, 3240mAh - Pink","₦720,000"
Apple IPhone 16 Pro Max  - 8GB - 512GB -5G - Black Titanium,"₦2,750,000"
"Apple IPhone 13 Pro Max - 6.7"" - 128GB ROM - 6GB RAM - IOS 15 - 4352mAh - Blue","₦898,000"
"Apple IPhone 13 Pro Max 6.7"" - 256GB ROM + 6GB RAM - IOS 15, 5G","₦950,000"
"Apple IPhone 12 Pro Max - 6.7-Inch - 256GB ROM, 6GB RAM - IOS 14","₦740,000"
"Apple IPHONE 12 PRO MAX  6.7"" (12PM+12PM+12PM) 128+6GB RAM 3687mAh","₦690,000"
"Apple IPhone XS Max - 6.5"" - 64GB ROM - 4GB RAM - Silver - IOS 12 - 4G Smartphone - 3174mAh + Free Pouch And Screen Protector Free Pouch And Screen Protector","₦835,000"
"Apple IPhone 11 Pro Max 6.5-Inch (4GB RAM, 256GB ROM ),iOS 13, (12MP+12MP+12MP)+12MP 4G LTE Smartphone - Space Grey","₦680,000"
"Apple iPhone 14 Pro Max 6.7"" - 256GB ROM - 6GB RAM - iOS 16 - Nano Sim - Deep Purple","₦1,440,000"
Apple IPhone 17 Pro Max - 12GB- 2TB - Cosmic Orange,"₦4,799,000"
Wireless Music Wireless Bluetooth Earphone 5.0 Stereo Earbuds Headphones For Android And Iphone Hear Bass Earpiece Headset Pod,"₦4,850"
"Apple iPhone 12 Pro - 6.1"" - 256GB ROM - 6GB RAM - 5G - Single Nano Sim - Pacific Blue","₦675,000"
50W Dual Type C Lighting Super Fast Original Charger For Iphone 15/5pro/15promax/14 Pro Max/14 Plus/14/13 Pro Max/13 Pro/13/13 Mini/12 Pro Max/12 Pro/12/12 Mini/11 Pro Max/11 Pro/11 And Ipads 0014,"₦5,995"
"Apple IPhone 16 Plus 5G - 6.7"" - 256GB ROM - 8GB RAM - Single SIM - Pink","₦1,750,000"
"Holder Portable Phone Holder Mobile IPhone, Smart Phones (Foldable)","₦3,100"
Apple IPhone 17 Pro - 12GB- 256GB - Cosmic Orange,"₦2,499,000"
"Apple IPhone 13 Pro Max - 6.7"" 256GB ROM, 6GB RAM, 4352mA -Silver","₦980,000"
Pro 5s EarPod For IOS(iPhone) & Android Devices,"₦5,940-₦6,000"
"Apple IPhone 16 Plus 5G - 6.7"" - 128GB ROM - 8GB RAM - Single SIM - Ultramarine","₦1,650,000"
Apple IPhone 16 - 8GB-256GB - 5G - Black,"₦1,899,000"
"Apple IPhone 15 Pro 6.1"" (128GB ROM + 8GB RAM) Nano Sim - White","₦1,500,000"
"Apple IPhone 13 Pro Max - 6.7"" - 256GB ROM - 6GB RAM - IOS 15 - 4352mAh - Gold","₦950,000"
Quality IPHONE 16 Promax/16 Pro/16/15 Promax/15 Pro/15 Plus/15/14 Promax/14 Pro/14/13 Promax/13 Pro/13/12 Promax/12 Pro/12/11 Promax/11 Pro/11/Xs Max/X/Xs/Xr/8 Plus/7 Plus/7/8 Clear Solid Magsafe Transparent Back Case,"₦3,300-₦4,270"
IPhone 6 99.9%NEW 1GB RAM+32GB ROM 1810mAh Single SIM 4.7 Inch Retina HD Display 8MP Camera Touch ID Smartphone,"₦68,898"
K9 Double Wireless Lapel Microphone Tie Mic TYPE-C Phones Android IPhone + IOS Adapter,"₦9,223"
"Apple IPhone 12 Pro - 6.1"" 128GB ROM, 6GB ROM 5G - Silver","₦655,000"
Apple iPhone 17 Pro Max - 256GB - Deep Blue,"₦2,599,999"
Apple IPhone 16 Pro Max  - 8GB - 256GB -5G - Desert Titanium,"₦2,299,000"
"Soft Silicone Case For IPhone 15, 14, 13, 12, 11 Pro Max, Mini, Xs, X, Xr, 7, 8 Plus, Se 2020, (black)","₦2,500-₦3,500"
Apple IPhone 6 99.9%NEW 1GB RAM+16GB ROM 1810mAh Single SIM 4.7 Inch Retina HD Display 8MP Camera Touch ID Refurbished Smartphone,"₦57,949"
Pro 5s EarPod For IOS(iPhone) & Android Devices,"₦6,000"
Apple iPhone 16 Pro Max (256 GB) – Black Titanium,"₦1,953,407"
Wireless Music Wireless Bluetooth Earphone 5.0 Stereo Earbuds Headphones For Android And Iphone Hear Bass Earpiece Headset Pod,"₦4,960"
"Apple IPHONE 11 - 6.1""  128/4GB RAM (12MP+12MP) 3110mAh WHITE","₦750,000"
"Apple IPhone 15 5G - 6.1"" - 256GB ROM, 6GB ROM, iOS 17 - Blue","₦1,045,000"
Apple IPhone 16 Pro Max - 8GB - 512GB - Single Sim - 5G - White Titanium,"₦2,150,000"
Apple iPhone 16 Pro Max - 8GB - 256GB -5G - Desert Titanium,"₦1,920,999"
"Apple IPhone 16 Plus 5G - 6.7"" - 128GB ROM - 8GB RAM - Single SIM - White","₦1,650,000"
"Apple IPhone 11 Pro Max (4GB RAM, 256GB ROM),iOS 4G LTE Midnight Green","₦680,000"
Apple IPhone 17 Pro Max - 12GB- 2TB - Deep Blue,"₦4,799,000"
"Apple iPhone 14 Pro Max 6.7"" - 128GB ROM - 6GB RAM - iOS 16 - Nano Sim - Deep Purple","₦1,330,000"
"Apple IPhone 15 Pro Max 6.7"" 256GB Nano-SIM & ESIM 5G - Black","₦1,800,000"
Apple IPhone 17 Pro - 12GB- 256GB - Deep Blue,"₦2,499,000"
"Apple IPhone 13 - 6.1"" - 128GB ROM - 4GB RAM - IOS 15 - 3240mAh - Blue","₦630,000"
Wireless Stereo Earphone Newage EarPhone Bluetooth For pods Iphone ear And Android Aírpods Earpiece Hear 5 3 Cover Wireless Earpóds Original Slide Headphones Earbuds For Cheap  hear Price (Ne5),"₦12,930"
Apple IPhone 16 Pro Max - 8GB - 512GB - Single Sim - 5G - Desert Titanium,"₦2,150,000"
Apple iPhone 16 Pro Max (256 GB) - White Titanium,"₦1,953,407"
TiLECC TiLECC Wireless Lavalier Microphone Portable Audio Video Recording Mini Mic For IPhone,"₦6,774"
"WIRELESS CHARGER Portable Magnetic Fast Wireless Charging Power Bank For IPhone X 11 12 13 14 15 PRO MAX, Samsungs","₦10,400"
Philly 50W Iphone Type-c To Lighting Fast Charger,"₦3,912"
Dual Wireless Lavalier Microphone TYPE-C Android Phones IPhone + IOS Adapter,"₦12,400"
"Apple IPhone 11 6.1-Inch Liquid Retina LCD (4GB RAM, 64GB ROM) IOS 13, (12MP+12MP)+12MP 4G LTE Smartphone-Nano Sim-PURPLE","₦500,000"
Air Pro 9s Super Bass Wireless Bluetooth Earpods For IPhones And Android,"₦4,999"
Wireless MS-T Bluetooth headphones Headset hear ear pòds earpòds earbùds with bass for àirpods iphone and android phones with Bass (STN),"₦11,960"
Pro5s EarPod Heavy Bass For IOS(iPhone) & Android Devices,"₦6,000-₦6,500"
K9 3-in-1 Dual Wireless Lapel Microphone Lavalier Mic Double TYPE-C IPhone Android IOS PC DSLR,"₦16,995"
Apple Piler HIGH QUALITY Wrist Watch Bracelet Health For Original Smartwatch  Android & Applè IPhone Phone Wach Series square Warch For Men Women Ladies (H10),"₦13,990"
"F11-2  Dual Noise Cancelling Wireless Microphone With 3 in 1 Receiver For iPhone,Type C and Camera","₦29,990"
Pro 5s EarPod For IOS(iPhone) & Android Devices,"₦7,900"
New Age  Connect Prime 4 65W (4-in-1 Multiport) 1M Type C To Lightning Cable + IPhone Cord,"₦3,500"
"Smile IPhone Case Pouch - X,11,12,13,14,15,16 PRO MAX","₦4,550-₦5,600"
"Apple IPhone 12 Pro Max - 6.7-Inch - 128GB ROM, 6GB RAM - IOS 14","₦690,000"
Quality IPHONE 16 Promax/16 Pro/16/15 Promax/15 Pro/15/14 Promax/14 Pro/14/13 Promax/13 Pro/13/12 Promax/12 Pro/12/11 Promax/11 Pro/11/Xs Max/X/Xs/Xr/8 Plus/7 Plus/7/8 Quality Anti Drop Transparent Back Case,"₦2,300-₦3,570"
"Apple iPhone 17 Pro Max - 6.9"" - 512GB - 12GB - iOS 26 - Single Sim - Cosmic Orange","₦3,400,000"
"WIRELESS CHARGER Magnetic Wireless Fast Charger For Samsung, Huawei, Iphone","₦5,000"
Quality IPHONE 16 Promax/16 Pro/16/15 Promax/15 Pro/14 Plus/15/14 Promax/14 Pro/14/13 Promax/13 Pro/13/12 Promax/12 Pro/12/11 Promax/11 Pro/11/Xs Max/X/Xs/Xr/8 Plus/7 Plus/7/8 Quality Silicone Protective Back Case,"₦3,300-₦4,470"
"WHITE - Silicon Pro IPhone Case Pouch - X,XR,11,12,13,14,15,16 PRO MAX","₦3,550-₦4,999"
"Portable Phone Stand Mobile Compatible IPhone, Smart Phone (FOLDABLE)","₦2,700"
Apple IPhone 16 - 8GB-256GB - 5G - Ultramarine,"₦1,899,000"
"Apple IPhone 11 Pro Max 6.5-Inch Super Retina (4GB RAM, 64GB ROM),iOS 4G LTE Smartphone - Gold","₦655,000"
Asni For Men HIGH QUALITY Wrist Watch Bracelet Health For Original Smartwatch Android & Applè IPhone Phone Wach Series Warch For Men Women Ladies Watches (H10),"₦13,700"
"Hollyland Lark M2 Wireless Lavalier Microphone For IPhone 15 & Android, USB C Mini Lapel Microphone Wireless, 1000ft Range, Hi-Fi Audio, Noise Cancellation, 30H Battery For Video Recording, Streaming","₦259,613"
K9 Dual Wireless Lapel Microphone Lavalier Mic TYPE-C Android Phones IPhone + IOS Adapter,"₦11,300"
"Wireless Lavalier Microphone (2-Pack) With LED Display & Noise Cancellation - USB-C/Lightning/3.5mm for iPhone, Android, PC, Camera - TikTok YouTube Vlog Streaming","₦18,600"
Pink portable keychain charger with 1500mAh wireless mini battery pack for quick charging and as a backup power source for mobile devices. Compatible with iPhone interface.,"₦3,565"
Apple IPhone 6s Plus 99.9%NEW 2GB RAM+64GB ROM 2750mAh Single SIM 5.5 Inch Screen HD Camera 12MP Touch ID  Smartphone,"₦99,003"
"BOMGE Wireless Lavalier Microphone, With Charging Case For IPhone And Android","₦28,966"
Dual Wireless Lapel Microphone Lavalier Mic TYPE-C Android Phones IPhone + IOS Adapter For Clear Content Recordings,"₦10,500"
For IPhone & Android + IOS Adapter Single Type-c Wireless Lapel Microphone,"₦9,700"
Apple IPhone 16 Pro Max  - 8GB - 512GB -5G - Natural  Titanium,"₦2,750,000"
"BLACK - Silicon Pro IPhone Case Pouch - X,XS,XR,XS MAX,11,12,13,14,15,16,17 PRO MAX","₦3,555-₦3,700"
iPhone 17/17 Air/17 Pro/ 17 Pro Max Luna classy Magsave Edge Protective Case,"₦5,000"
WIRELESS CHARGER Wireless Phone Charger IPhone And Android Fast Charger For QI Devices Only,"₦7,500"
Quality IPHONE 15 Promax/15 Pro/14 Plus/15/14 Promax/14 Pro/14/13 Promax/13 Pro/13/12 Promax/12 Pro/12/11 Promax/11 Pro/11/Xs Max/X/Xs/Xr/8 Plus/7 Plus/7/8 Quality Silicone Protective Back Case,"₦3,300"
"BOMGE Wireless Lavalier Microphone, With Charging Case For IPhone And Android","₦28,100"
"WIRELESS CHARGER  Portable Magnetic Fast Wireless Charging Power Bank For IPhone X 11 12 13 14 15 PRO MAX, Samsungs","₦10,500"
"Apple IPhone 16 Plus 5G - 6.7"" - 256GB ROM - 8GB RAM - Single SIM - Ultramarine","₦1,650,000"
New IPhone 11 12 13 14 15 Pro Max 12 13 Mini Xs Xr Xs Max Silicone Back Case,"₦3,800"
Ace-Type 20W Iphone Type C Fast Data TypeC To Lightning cord Original Fast Charger USB Cable For Iphone,"₦2,500"
"Plug & Play  Wireless Lavalier Microphone For IPhone, IPad, Lapel Clip-on Mini Wireless Mic For TikTok Vlog YouTube, Facebook Live Stream, Auto-syncs Microphone (NO APP Or Bluetooth)","₦10,500"
Direct Wired Headphones Earbuds For Iphone 7 8 X XS XR 11 12 13 IOS Original Earphone Iphone EARPIECE Headset pt EarPód (Direct),"₦6,300"
"Apple IPhone XR - 6.1"" - 64GB ROM, 3GB RAM, 2942mAh - Black","₦760,000"
50W Dual Type C Lighting Super Fast Original Charger For IPhone 14 Pro Max/14 Plus/14/13 Pro Max/13 Pro/13/13 Mini/12 Pro Max/12 Pro/12/12 Mini/11 Pro Max/11 Pro/11 And Ipads 0014,"₦3,924"
Fast 50W Dual Type C Lighting Super Fast Charger For Iphone 14 Pro Max/14 Plus/14/13 Pro Max/13 Pro/13/13 Mini/12 Pro Max/12 Pro/12/12 Mini/11 Pro Max/11 Pro/11/Xs Max/XR/XS And Ipads,"₦5,900"
Samsung USB Lightning To 35mm Aux Audio Headphone Jacks For Convertor - USB iPhone JACKs -,"₦2,999"
New IPhone 11 12 13 14 Pro Max 12 13 Mini Xs Xr Xs Max Silicone Back Case,"₦4,000"
Wireless Stereo Earphone Wireless Earpiece 5 3 Bluetooth Earbùds Earphones Earpòds Single Aìrpods Wireless slide earphones One Ear 0 Bud cover for android and iphone àirpods blootooth (v9),"₦7,250"
"Bolizma TWS Hi-Fi Stereo Wireless Earbuds- In-Ear Sports& Gaming Headphones with Voice Call Noise Reduction, USB Charging, for iPhone& for Android","₦12,080"
Microphone Podcast Condenser Microphone Stand Holder Audio Video Streaming Studio Interview Desktop Stand Recording Laptop PC Computer Gaming USB Mic + Type C & Iphone OTG Adapter,"₦39,500"
Quality IPHONE 16 Promax/16 Pro/16/15 Promax/15 Pro/15/14 Promax/14 Pro/14/13 Promax/13 Pro/13/12 Promax/12 Pro/12/11 Promax/11 Pro/11/Xs Max/X/Xs/Xr/8 Plus/7 Plus/7/8 Quality Anti Drop Transparent Back Case,"₦2,300-₦3,220"
Asni For Men Waterproof Swimming Leather Original Smart Wrist Watch Pro For Fitness Apple IPhone And Android Round Circle Smartwatch Wristwatch For Men (Atuch),"₦20,900"
"Holder  Portable Magnetic Phone-Holder Mobile IPhone, Smart Phones (Foldable)","₦14,999"
"Apple iPhone 14 Pro Max 6.7"" - 256GB ROM - 6GB RAM - iOS 16 - Nano Sim - Deep Purple","₦1,440,000"
Apple IPhone 6s Plus 99.9%NEW 2GB RAM+64GB ROM 2750mAh Single SIM 5.5 Inch Screen HD Camera 12MP Touch ID Refurbished Smartphone,"₦99,003"
"Apple IPhone 13 Pro Max - 6.7"" - 256GB ROM - 6GB RAM - IOS 15 - 4352mAh - Blue","₦950,000"
"Selfie Stick Tripod Support - Camera Tripod, 360 Degree Rotating Mount Stand Light Weight Selfie Stick, For Camera & Compatible With IPhone 11 12 Mini Pro Max Xs Xr SE 2020 8 Plus Note 20 Ultra S10 S10 + S10e S9 S9+ & More","₦9,500"
"Iphone X, XS, XR, XS MAX,11,12,13,14 15 PRO MAX Silicone Back Case","₦2,500-₦2,999"
6 In 1 2PD 2USB Iphone Cable/Type-C Cable,"₦11,005"
Camera Lens Protector For IPhone 12\13\14 Pro Max,"₦2,700-₦2,900"
Adjustable IPhone Desktop Mobile Phone Stand Holder,"₦4,000"
"M9 Pro Magnetic Dual Noise Cancelling Wireless Microphone For iPhone, iPad ,Type C with Charging Case, Magnetic Clip like Hollyland Mic","₦39,990"
"Apple IPhone 12, 6.1-Inch 128GB ROM 5G  - Pacific Blue  Power Bank","₦610,000"
IPhone 15/ 15plus/15 Pro/15pro Max/16/16plus/16 Pro/ 16 Pro Max Mate Ceramic Privacy Screen Protector,"₦6,999"
Apple iPhone 16 (256 GB) – Black,"₦1,370,446"
"addigoes Wireless Microphone for iPhone, Android, Camera, iPad - 3 in 1 Dual Professional Lavalier Mini Mic with USB C, Plug-Play for Video Recording, YouTube, TikTok","₦16,304"
"addigoes Phone Tripod, 58"" Tripod for Phone Stand Video Recording Photos, Travel Floor Tripods Compatible with iPhone Canon Nikon DSLR, Cell Phone Tripods with Remote/Travel Bag","₦26,496"
"Apple IPhone XR - 6.1"" - 64GB ROM, 3GB RAM, 2942mAh - Blue","₦760,000"
"Holder Portable Phone Holder_Mobile IPhone, Smart Phones (METAL)","₦4,200"
Quality IPHONE 16 Promax/16 Pro/16/15 Promax/15 Pro/14 Plus/15/14 Promax/14 Pro/14/13 Promax/13 Pro/13/12 Promax/12 Pro/12/11 Promax/11 Pro/11/Xs Max/X/Xs/Xr/8 Plus/7 Plus/7/8 Quality Silicone Protective Back Case,"₦3,300-₦4,470"
K9 Double Wireless Lapel Microphone Tie Mic TYPE-C Phones Android IPhone + IOS Adapter,"₦9,700"
Air Pro 9s Super Bass Wireless Bluetooth Earpods For IPhones And Android,"₦4,800"
"Type Z FOR Charger USB Type C To Type C IPhone 16 15 Pro Max, Samsungs, Huawei, Oppo, Redmi, Tecno Fast Charger","₦4,995"
Adjustable Mobile Phone Stand IPhone Holder,"₦2,900"
"Apple IPHONE 11 PRO MAX 6.5"" (12+12+12PM) 256/4GB Matte Space Gray","₦610,000"
Wireless Lapel Microphone Tie Mic TYPE-C Phones Android IPhone + IOS Adapter With 13 inch Ringlight Combo,"₦24,500"
TYPE A1 20w 1.5 meter long Fast Charge Type C USB Cable Typec charger for Sàmsung iphone Tecnò ìnfinix ìtel nokìa (WTPCbraid),"₦3,990"
"YUUIKLLE 66W Retractable 4-in-1 Fast Car Charger with Voltage Display - Dual USB A & USB C Ports - Compatible with iPhone, Android, iPad, Tablets & All Devices (Car Phone Adapter)","₦18,960"
Air Pro 9s Super Bass Wireless Bluetooth Earpods For IPhones And Android,"₦4,999"
"60,000mah 100w heavy duty super fast charging power bank for laptop and phone iPhone, Samsung,android","₦85,999"
V8 Fashion Phone Bluetooth Wireless Mobile Phone Gaming Triggers Controller Game Pad Android Ipads & Iphone / IOS / PC / PS3 Gamepad,"₦13,399"
"Apple IPhone 12 6.1 Inches 5GB RAM, 64GB ROM, - Black","₦550,000"
Lightning To 3.5mm JackAdapter For IPhone IPad IPod,"₦2,790"
New IPhone 11 12 13 14 Pro Max 12 13 Mini Xs Xr Xs Max Silicone Back Case,"₦4,000"
"EASYGO Cell Phone Holder, Adjustable Height (9.8-13inches) Phone Stand For Desk Office Thick Case 270° Flexible Phone Holder Stand IPhone Stand Compatible With All Mobile Phone, Samsung","₦3,565"
NEW DUAL Type-c Wireless Lapel Microphone For IPhone & Android + IOS Adapter,"₦11,300"
Apple iPhone 6 Renewed 99.9%New 32G Unlocked FingerPrint A++,"₦73,305"
Pro 5s EarPod For IOS(iPhone) & Android Devices,"₦6,000"
Apple Piler Smart Watch Waterproof Smart I Watch Applè IPhone & Android Iwàtch Phone Leather Strap Watches For Men (Atuch.#8),"₦20,890"
Quality iphone 17 Pro Max Clear Solid Magsafe Transparent Back Case,"₦7,499"
20W Iphone Usb-c To Lightning PD Fast Lightning Charger,"₦6,999"
IPhone X\XS Max/7/ 7 Plus\11\12\13/ 14 Series Privacy Screen Protector - Black,"₦2,200-₦3,100"
Wireless Stereo Earphone Wireless Earpiece 5 3 Bluetooth Earbùds Earphones Earpòds Single Aìrpods Wireless Slide Earphones One Ear 0 Bud Cover For Android And Iphone àirpods (v9),"₦8,500"
"GREEN - Pro liquid Silicon IPhone Case Pouch - X/Xr....14,15,16,17 PRO MAX","₦3,555-₦3,700"
Apple iPhone 17 Pro Max 5G 6.9'' 12GB RAM 2TB ROM Nano SIM - Cosmic Orange,"₦5,250,000"
"Universal 3-in-1 USB Cellphone Cables, Multiple Charger Cord, Durable Tin-Copper Wire, Fast Charging, Compatible With IPhone, Type-C, Micro USB-orange","₦3,252"
"Black mini keychain  power bank; small portable power source, suitable for devices with iPhone interface","₦3,410"
USB Type C To OTG Adapter For IPhone,"₦3,000"
IPhone XR-to-13 Full Back Converter,"₦3,400-₦3,600"
For IPhone & Android + IOS Adapter Single Type-c Wireless Lapel Microphone,"₦10,980"
45W super fast charging suitable for Samsung iPhone Huawei Xiaomi Android flash charging UK standard mobile phone charger head Type-C adapter,"₦5,425"
Type Z IPad Charger 35W USB Type C To IPhone 12 /11/X /Pro Max Fast Charger,"₦4,500"
Type Z Charger 35W USB Type C To IPhone 13Pro Max Fast Charger,"₦4,900"
HEAVY DUTY 120W SMART IPHONE USB-C To LIGHTING PD FAST LIGHTING CHARGER,"₦4,800"
"WIRELESS CHARGER WIRELESS CHARGER Portable Magnetic Fast Wireless Charging Power Bank For IPhone X 11 12 13 14 15 PRO MAX, Samsungs","₦10,500"
"liquid silicone IPhone Case  X,XS---15,16 PRO MAX","₦3,800-₦4,000"
Magnetic Wireless Charger For IPhone 11/12/13/14/15 Pro Plus Max Mini And Samsng,"₦5,500"
IPhone Charger PD 20W TypeC To IPhone 13 14 12 /11/X /Pro Max Fast Charger Original 2PIN,"₦4,940"
"Apple 20000mah WIRELESS CHARGER Portable Magnetic Fast Wireless Charging Power Bank For IPhone X 11 12 13 14 15 PRO MAX,","₦32,000"
Otg IPhone  To Type A USB 3.0 Flash Drive Reader,"₦2,800"
"Apple IPhone 14 Pro 6.1"" (128GB ROM + 6GB RAM) Nano Sim - Purple","₦1,150,000"
Realme earbuds Wireless Bluetooth Headphones Headset Aìrpods Hear Ear Pòds Earpòds Earbùds With Bass For àirpods 5 3 Iphone And Android Slide Ear For Phones Cover Hear Pods Android (Stn),"₦10,970"
K9 Dual Wireless Lapel Microphone Lavalier Mic TYPE-C Android Phones IPhone + IOS Adapter,"₦9,500"
Microphone K9 Dual 2 In 1 Wireless Lavalier Microphone For IPhone & Type C,"₦10,900"
Carbon Fiber Texture For iPhone 15 pro Max/16/16 plus/16 pro/16 Pro Max quality protective back Case,"₦8,000"
Wireless Lapel Microphone Type-c For IPhone Android IPad,"₦27,281"
Adjustable IPhone Desktop Mobile Phone Stand Holder,"₦3,300"
Carbon Fiber Texture For iPhone 15 pro Max/16/16 plus/16 pro/16 Pro Max quality protective back Case,"₦8,000-₦9,000"
"BLUE - Silicone Pro IPhone Case Pouch - X,XS,XR,XS MAX,11,12,13,14,15 PRO MAX","₦3,550-₦4,999"
SHPLUS 36W IPhone Timing Function Fast Adpter +plus Free Mini Led Lamp,"₦5,600-₦6,200"
Cover 3PCS WebCam Front Camera Cover  Slider Plastic  Laptops  Iphone Tablets,"₦1,750"
IPhone 11/12/13/14/ 15 Pro/ 15 Pro Max/ 16 Pro /16 Pro Max Series Camera Lens Protector,"₦3,499-₦4,499"
TYPE A1 20W 1.5meter Braided Fast Charge ORIGINAL TYPE C USB Cord Cable For Android Phone Typec Charger Sàmsung Tecnò ìnfinix ìtel Nokìa iphone (blkTPCbraided),"₦3,995"
BOMGE Wireless Lapel Microphone Tie Mic TYPE-C Phones Android IPhone + IOS Adapter,"₦12,865"
Otg 3in1 IPhone OTG Typec Micro USB 3.0 Flash Drive Card Reader,"₦4,750"
iPhone Series Solid Transparent Case Pouch - Models: X/Xr---15/16/17 Pro Max,"₦3,350-₦6,000"
Realme earbuds Wireless Bluetooth Earphones Headphones ear v5 3 Earpiece headset For Iphone And Earpóds Android Earbùds blootooth Headset For Cheap pod Price with bass (Stn39),"₦11,950"
IPHONE X / XS / XR / XS MAX SILICONE PROTECTIVE FULL BACK COVER CASE [CLEARANCE] DYIDigital,"₦30,283"
"Apple iPhone 17 Pro Max - 6.9"" - 512GB - 12GB - iOS 26 - Single Sim - Silver","₦3,400,000"
New IPhone 11 12 13 14 15 Pro Max 12 13 Mini Xs Xr Xs Max Silicone Back Case-WHITE,"₦2,900-₦3,800"
Microphone HIGH QUALITY Tie Clip ORIGINAL IPhone Mic Lapel Lavalier Microphone For Vlogging Interview Etc. With / Noise Cancellation,"₦5,999"
25W Type C Fast Charger For IPhone Samsung Android Only Head,"₦4,900"
"Type Z  25W USB C Fast Charger For IPhone 15/15 Pro/15 Pro Max, IPad Pro 12.9/11 Inch, IPad Air 5th/4th, IPad 10th Generation, IPad Mini 6, PD Wall Charger With 6.6ft USB C To C Charging Cable","₦5,000"
"RED - LIQUID Silicone Pro IPhone Case Pouch - X,XS,XR,XS MAX,11,12,13,14,15 PRO MAX","₦3,550-₦4,999"
"Microphone K9 Wireless Lavalier Microphone For IPhone,Android,Type-c Devices, Lapel Clip-on Mini Wireless Mic For TikTok Vlog YouTube, Facebook Live Stream, Auto-syncs Microphone (NO APP Or Bluetooth)","₦10,299"
DUAL Type-c Wireless Lapel Microphone For IPhone & Android + IOS Adapter,"₦11,200"
Apple IPhone 6s Plus 99.9%NEW 2GB RAM+32GB ROM 2750mAh Single SIM 5.5 Inch Screen HD Camera 12MP Touch ID Refurbished Smartphone,"₦88,907"
"Super Fast 65W 4-in-1 USB-C Cable, PD 65W Fast Charging Cable & Data Sync,Flat Braided Charger Cord with Type C/USB A for Laptop iPhone iPad MacBook Samsung","₦2,847-₦5,510"
T55 SMART WATCH Smart Wrist Watch Bracelet For IPhone And  Android Unisex Men & Women Watch,"₦14,000"
Camera Lens Protectors For iPhone 11/ 11 Pro/ 11 Pro Max/ 12 / 12 Pro/ 12 Pro Max/ 13 / 13 Pro/ 13 Pro Max/ 14 / 14 Pro/ 14 Pro Max/ 15 / 15 Pro/ 15 Pro Max,"₦2,700-₦2,900"
Magnetic Wireless Charger For IPhone 11/12/13/14/15/16/17 Pro Plus Max Mini And Samsung,"₦5,400"
Havit EarPhone Bluetooth Android And Iphone Earphones Earbuds Earpiece Hear Pods Wireless Earpod (TW905),"₦23,000"
Realme Wireless Wireless Earbuds Bluetooth F9 Max Headphones Earpöds Earpiece Fingerprint Touch Control Bass Iphone Headset,"₦7,200"
New IPhone 11 12 13 14 Pro Max 12 13 Mini Xs Xr Xs Max Shockproof Transparent Back Case,"₦2,000-₦7,500"
Otg 64GB Ultra OTG Micro USB Type-c Lightning 4in1 Flash Drive For IPhone Samsung Android Phones,"₦14,900"
Magnetic Magsafe Wireless Charger For Iphone & Samsung,"₦5,290"
"Apple IPhone 12 Pro Max - 6.7Inch - 256GB, 6GB RAM - IOS 14 - Gold","₦740,000"
"Apple Headphone/Lightning Adapter to 3.5mm Earpiece Adapter, AUX Audio Connector for iPhones, iPads and iPods  - White Colour","₦3,650"
"Bluetooth Headphones with Digital LED Display - Lossless Sound, 50H Battery Life,  Wireless for iPhone/Android","₦3,875"
"Apple IPHONE 12 PRO  (6.1 INCH)  5G (6GB RAM, 256GB ROM) - Blue","₦675,000"
"Rechargeable Bluetooth Keyboard And Mouse For IPhones, IPad, Android, Tablets, Laptops, PC Etc","₦15,000"
"Type Z FOR Charger USB Type C To Type C IPhone 15 Pro Max, Samsungs, Huawei, Oppo, Redmi, Tecno Fast Charger","₦4,900"
Lightning To AUX 3.5mm Audio Jack Adapter For IPhone,"₦2,800"
For IPhone 16 Silicone Fine Pore Phone Case(Lake Blue),"₦5,300"
Ace-Type 20W Iphone Type C Fast Data TypeC To Lightning cord Original Fast Charger USB Cable For Iphone (Braided),"₦4,250"
Classy IPhone 6 Plus /6s Plus Silicone Back Case - Red,"₦3,000"
iPhone  16 Promax/16 Pro/16/15 Promax/15 Pro/15/14 Promax/14 Pro/14/13 Promax/13 Pro/13/12 Promax/12 Pro/12/11 Promax/11 Pro/11/Xs Max/X/Xs/Xr/8 Plus/7 Plus/7/8 Crystal Clear Transparent Edge Protective Shockproof Case,"₦2,300-₦2,500"
DUAL SHOCK Vibration Bluetooth Wireless Mobile Phone Gaming Triggers Controller Game Pad Android Ipads & Iphone / IOS / PC / PS3 Gamepad,"₦13,400"
Pro5s EarPod Heavy Bass For IOS(iPhone) & Android,"₦6,000"
SHPLUS Fast Cord Charger For IPhone To Type C To Type C,"₦3,000"
"Apple iPhone 13 Pro 5G - 6.1"" 256GB ROM, 6GB ROM - Sierra Blue","₦835,000"
"Apple iPhone 13 Pro 5G - 6.1"" 256GB ROM, 6GB RAM - Sierra Blue","₦835,000"
Mini Wireless Tie Microphone Lavalier Microphone For Iphone Android Mobile Phones,"₦9,884"
Iphone 7 Plus Battery(MacInTouch Quality),"₦8,000"
Original Wired EARPIECE For Iphone 7 8 X XS XR 11 12 13 14 Pro Max,"₦3,000"
"GREEN - Silicone Pro IPhone Case Pouch - X,XS,XR,XS MAX,11,12,13,14,15 PRO MAX","₦3,550-₦4,999"
IPhone Xs Max/11/ 12/ 13/ 13 Pro/ 13 Pro Max/ 14/ 14 Pro/ 14 Plus/ 14 Pro Max Lens Protection Ultra Slim Protective Case,"₦1,999-₦3,999"
"Body Mic Wireless 3 in 1 Microphone for iPhone, Android and type C","₦21,100"
Iphone 11/11pro/11 Promax/x/XS Max 360 Degree Front And Back Transparent Case,"₦2,450-₦3,270"
"Y13 Smartwatch (2025, 1.83” HD Display) – Bluetooth Calling, Voice Assistant, Fitness Tracker, Multi-Sport Mode, Step Counter, Message Alerts, IP65 Waterproof, Touchscreen – Works with Android & iPhone","₦16,000"
"12inches Selfie Ring Light With Tripod Stand & Cell Phone Holder For Live Stream/Makeup, Led Camera Ringlight For YouTube Video/Photography Compatible With IPhone Android Phones (Upgraded)","₦14,900"
"New IPhone X, 11 12 13 14 Pro Max 12 13 Mini Xs Xr Xs Max- ANTI-SPY Privacy Screen Guard","₦2,400-₦3,400"
Iphone 13pro Case Xs Xr 11 Pro Max 12pro Max Back Case,"₦5,000"
"WIRELESS CHARGER  Portable Magnetic Fast Wireless Charging Power Bank For IPhone X 11 12 13 14 15 PRO MAX, Samsungs","₦10,400"
Original Fast Cable For IPhones Lightning USB Data Cable,"₦2,500"
USB Phone Cooler For Android And IPhone Mobile Gaming,"₦4,999"
35W Fast Charger USB-C Power Adapter For Iphone  12 Pro Max,"₦5,500"
"IPhone Camera Lens Converter From X,XR,XSMAX To IPhone 11","₦2,000"
"Type Z FOR Charger USB Type C To Type C IPhone 16 15 Pro Max, Samsungs, Huawei, Oppo, Redmi, Tecno Fast Charger","₦4,900"
"WIRELESS CHARGER WIRELESS CHARGING Portable Magnetic Fast Wireless Charging For IPhone X 11 12 13 14 15 PRO MAX, Samsungs","₦5,600"
T55 PRO MAX SMART WRISTWATCH FOR IPHONES AND ANDROIDS,"₦14,999"
Wired Headphones Earbuds For Iphone 7 8 X XS XR 11 12 13 IOS Original Earphone Iphone EARPIECE Headset EarPód,"₦3,000"
Soft Liquid Silicone Case For IPhone 12 11 13 14 15 Pro Max Xs Max Xr Xs  Shockproof Back Cover(red),"₦2,900-₦3,800"
K9 Dual Wireless Lapel Microphone Lavalier Mic TYPE-C Android Phones IPhone + IOS Adapter,"₦11,200"
"Dual Noise Cancelling Wireless F11-2 Microphone With 3 In 1 Receiver For Android , iPhone, Camera - recording, Livestreaming, YouTube, Tiktok","₦21,999"
3PCS WebCam Front Camera Cover Slider Plastic Laptops Iphone Tablets,₦940
4 Ports 120W USB C PD Charger Quick Charge 3.0 Fast Charging Type C USB Phone Charger Adapter For iPhone 15 14 13 Samsung Xiaomi,"₦5,216"
Apple IPhone 16 Pro Max - 8GB - 512GB - Single Sim - 5G - Black Titanium,"₦2,150,000"
"4 in 1 USB C iPhone 60W Fast Charging Cable Braided, USB C to iPhone with Data Sync","₦2,999-₦5,887"
2N1 Wireless Collar Microphone With Furry Square Mark IPhone&Android,"₦21,010"
"Apple IPhone 12 Pro Max 5G - 6.7"" (256GB/6GB) + Powerbank - Silver","₦850,000"
"USB Micro SD Card Reader, 4in1 Type C & USB A to SD & Micro SD & SDXC & SDHC Card Adapter, Dual Card Slot Memory Card Reader, Competible for PC, MacBook, Galaxy, Tablet, Huawei, iPhone and More","₦4,490"
"Mobile Phone Cooler,USB Game Cooling Fan Holder Stand Radiator Phone Cool Heat Sink For IPhone Huawemultii Xiaomi,Mobile Phone Cooling FanWorks with All Phone Types,God Bless","₦13,950"
"WIRELESS CHARGER WIRELESS CHARGER Portable Magnetic Fast Wireless Charging Power Bank For IPhone X 11 12 13 14 15 PRO MAX, Samsungs","₦10,400"
New Age 30W USB-C TO IPHONE LIGHTNING PD CABLE TYPEC TO IPHONE CHARGER CABLE 1M,"₦3,500"
"Apple Iphone Charger USB-C For IPhone 11 12 13  14,","₦5,990"
"Apple IPhone XR - 6.1"" - 64GB ROM, 3GB RAM, 2942mAh - Coral","₦760,000"
New Age Connect Prime 4 65W (4-in-1 Multiport) 1M Type C To Lightning Cable + IPhone Cord,"₦5,500"
Lightning Audio ORIGINAL Aux Cable For All Iphone 3.5mm Car Jack Auxillary Audio Cord Adapter Lightning Converter,"₦3,799"
"Type-C Port Wireless Clip-On Microphone With Charging Case For Android, IPhone, IPad, Laptops - 164ft Range & 48-Hour Battery","₦34,981"
"F11-2 Dual Noise Cancelling Wireless Microphone With 3 in 1 Receiver For iPhone,Type C and Camera","₦25,000"
"Apple iPhone 14 Pro Max 6.7"" - 256GB ROM + 6GB RAM - iOS 16 - Nano Sim- Gold","₦1,440,000"
"Iphone 7 Plus,8 Plus,X, XS, XS MAX, XR,11,12,13,14 Pro And Pro Max Series Magsafe UltraSlim Hard Back Protective Case","₦1,999-₦3,999"
"Type Z IPhone, IPad Fast Charger 2.4A Cable For 14/13/12/11/Pro Max X/XR/XS Max/8/7/6s/(Detachable)","₦4,990"
Wireless MS-T 22.5W Output & 15W Wireless Super Slim 10000mAh Fast Charging Strong Power Bank For Applé Iphone With Android Type C output Input Micro Usb Power Wireless,"₦18,500"
Dual Wireless Microphone TYPE-C Android Phone IPhone +IOS Adapter,"₦9,200"
IPhone XR-to-13 Full Back Converter,"₦3,500-₦3,600"
Designer IPhone 16 Pro Max Case - Fashionable Magnetic Pouch,"₦17,000"
itel Strong Wireless ITEL BUDS NEO Earbuds Bluetooth Headphones Earpöd Earpiece Fingerprint Touch Control  Bass Iphone Headset,"₦15,590"
Silicon pro IPhone Case 16/ 16plus/ 16pro/ 16promax,"₦3,999"
Iphone 12 mini Air pillow transparent case,"₦2,300"
"Apple IPhone 13 - 6.1"" - 128GB ROM, 4GB RAM, 3240mAh - Pink","₦720,000"
Pro 5s EarPod For IOS(iPhone) & Android Devices,"₦5,999"
"Hollyland Hollyland A1 Combo - Wireless Mini Microphone for iPhone & Android (2TX + USB-C RX + Lightning RX + Charging Case), Magnetic Mic for YouTube, TikTok, Podcast, Vlogging (Black)","₦95,840"
Chupez Otg 128GB Ultra Micro USB Type-c Lightning 4in1 Flash Drive For IPhone Samsung Android Phones,"₦19,899"
iPhone Crystal Butterfly Star Soft Case For iPhone 6 / 7 plus / X / XR / 11 / 11 Pro Max / 12 / 12 Pro Max / 13 Pro Max / 14 / 14 Pro Max / 15 / 15 Pro Max Pouch,"₦4,999-₦5,599"
"TYPE-C LIGHTING USB-C TO C IPHONE CHARGER FOR IPHONE 14, 14PLUS, 14PRO, 14promax, 15, 15plus, 15pro, 15promax, 16, 16plus, 16pro, 16promax, charger","₦4,990"
"15W Wireless Fast Charger For Android, Samsung, Huawei, Iphone","₦8,950"
Apple IPhone 16 Pro Max  - 8GB - 512GB -5G - Black Titanium,"₦2,750,000"
Camera Lens Converter For IPhone X To 11 Pro Max,"₦3,900"
Portable Wireless Bluetooth Keyboard And Mouse Set For IPhone/Android/ipad/laptop PC/Tablet,"₦16,500"
IPhone To 3.5mm Jack Audio Extension Cable Aux Cord And Charge Port,"₦4,500"
New IPhone 11 12 13 14 Series 12 13 Mini Xs Xr Xs Max Silicone Back Case - Black,"₦3,000-₦4,000"
IPhone 12 Pro Max Otter Box Defender Rugged Back Cover Case OtterBox,"₦12,200"
K9 Dual Wireless Microphone For IPhone & Android + IOS Adapter(Double Mic),"₦9,500"
"Apple IPhone 13 Pro Max - 6.7"" - 128GB ROM - 6GB RAM - IOS 15 - 4352mAh - Blue","₦898,000"
DUAL SHOCK Vibration Bluetooth Wireless Mobile Phone Gaming Triggers Controller Game Pad Android Ipads & Iphone / IOS / PC / PS3 Gamepad,"₦16,500"
Powrennax 30000mah Wireless Power Bank Battery Pack For IPhones X/XR/11/12/13/14/15/16 Pro Max,"₦35,000"
Type Z Fast Type - C IPhone Charger Head And Cable,"₦5,300"
BLUETOOTH ZONE Ear Phone Bluetooth For Iphone And Android Earbuds Earpiece Hear V5 3Wireless Headphones Pod Earpóds Aìrpods,"₦18,600"
2022 Seconds Change Full Back Converter From XR To IPhone 13,"₦3,900-₦3,999"
Pro 5s EarPod For IOS(iPhone) & Android Devices,"₦7,400"
Protective Cover For 15 14 Pro Max Tempered Glass Privacy Metal Magnet Anti-Peep Phone Case 13 Pro Max 11 12-Golden_for IPhone XSMAX,"₦18,360"
"Apple iPhone 17 Pro Max - 6.9"" - 256GB - 12GB - iOS 26 - Single Sim - Deep Blue","₦3,000,000"
"Apple IPhone 12 Pro Max - 6.7-Inch - 256GB ROM, 6GB RAM - IOS 14","₦740,000"
Pro 5s EarPod For IOS(iPhone) & Android Devices,"₦7,000"
TypeC and iPhone  4 in 1 cable 65W  fast charging,"₦2,999"
IPhone 16 High Quality Protective Transparent Back Case,"₦2,700"
"Holder Portable Phone Holder Mobile Compatible IPhone, Smart Phones","₦3,400"
Apple IPhone 6 Plus 6s Plus Case Airbag Cover Clear Transparent Soft TPU For IPhone 6 6s Case Casing Mobile Phone Protector Cheap XIAO-Y,"₦26,500"
Ace-Type 20W Iphone Lightning Fast Charger USB Cable Cord For Iphone (iphoneBraidedusbA),"₦3,999"
Realme Wireless Sleek Wireless Earbuds Bluetooth Headphones Earpöd Earpiece Fingerprint Touch Control Bass Iphone Headset,"₦11,500"
New Age Connect Prime 4 65W (4-in-1 Multiport) 2M Cable SuperSonic Type C To Lightning Cable + IPhone Cord,"₦4,500"
Acrylic Hybrid shockproof case for Apple iphone 17 Pro,"₦10,000"
TYPE A1 Iphone Fast Data Type-C To Lightning Cable For Iphone 11/12/13/14,"₦2,000"
Iphone 16 white silicone case,"₦4,000"
EarPhone Bluetooth For Android And Iphone Earphones Earbuds Earpiece Hear Pods Headset 5.0 Airpòds Wireless Earpód Headphones (NE5)),"₦12,920"
"Flick  80'000MAH  2 Inbuilt Cable Super Large Fast Charging Battery Pack For Emergency,gaming.campaign,camping Indoor/outdoor Activities For IPhones,Samsung,android IPads","₦85,000"
Type Z Type C To Type C Charging Cord For IPhone 15 / 15 Pro Max,"₦2,400"
Otg IPhone OTG To Type A USB 3.0 Flash Drive Reader,"₦2,750"
"2PCS 30 Pin Data Sync Cable, For IPhone 4 & 4S, IPhone 3GS / 3G, IPad 3 / IPad 2 / IPad - WHITE - White - White","₦5,000"
BLUETOOTH ZONE NEWAGE Bluetooth Pods Wireless Earpóds Touch Aírpods Control Ear Iphone Stereo Bass Earbúds Headphones Earphones With Display Headset (ironmini),"₦16,650"
New IPhone 11 12 13 14 Pro Max 12 13 Mini Xs Xr Xs Max Silicone Back Case - Green,"₦3,000-₦7,500"
WIRELESS CHARGER 10000mah Magnetic Fast Wireless Charging Power Bank For IPhone X 11 12 13 14 15 16 PRO MAX And Samsungs,"₦15,000"
"Apple IPHONE 12 PRO MAX  6.7"" (12PM+12PM+12PM) 128+6GB RAM 3687mAh","₦690,000"
"Apple IPhone XS Max - 6.5"" - 64GB ROM - 4GB RAM - Silver - IOS 12 - 4G Smartphone - 3174mAh + Free Pouch And Screen Protector Free Pouch And Screen Protector","₦835,000"
Microphone Podcast Microphone Audio Video Recording Laptop USB Mic + Type C & Iphone OTG Adapter,"₦39,500"
"3000MAH  3 In 1 Mini PowerBank Exchangeable Pin Type-C, Android & I-phone","₦15,999"
"Fancy Soft Silicone Case For IPhone , 14, 13, 12,  Pro Max, Mini, Xs, X, Xr, 7, 8","₦3,500"
"EBXYA External USB Sound Card 192KHz - Type-C to 3.5mm  for Clear Mic/Audio - Works with Android & IPhone Live Recruitment, Podcast","₦86,645"
Iphone 17 Pro Max Transparent Shockproof Back Case,"₦2,500"
K9 Mini Wireless Lapel Microphone Cell/Mobile Phone Professional Audio Video Recording Mic For IPhone/Android Type-c,"₦11,200"
Lightning To 3.5MM Digital Audio IPhone Jack,"₦3,200"
4 USB Chargers 66W PD Type C Fast Charging Wall Outlet USB Hub Adapter Type C Cable for iPhone Samsung Xiaomi Quick Charger,"₦10,000"
"MagSafe Magnetic Wireless PowerBank 5,000mAh - for iPhone 16,15, 14, 13, 12, 11,  8 Series and S25, 24,  S23, etc ( If Your Device Support Wireless Charge ) Charging Station, Modern Charging Station, Wireless Charging.","₦16,141"
"USB Micro SD Card Reader, 4in1 Type C & USB A to SD & Micro SD & SDXC & SDHC Card Adapter, Dual Card Slot Memory Card Reader, Competible for PC, MacBook, Galaxy, Tablet, Huawei, iPhone and More","₦3,999"
10in1 Smart Watch Ultra 8 NFC GPS Track Men Women Sports Series 8 Thermometer BluetoothCall Wireless Charging For IPHONE/ANDROID,"₦30,000"
"1PCS UNIVERSAL STYLUS PEN FOR IOS,ANDROID,WINDOW IPHONE TABLET","₦6,006"
I8 Series 8 Ultra SMART WRISTWATCH WITH AIRPODS (2in1) FOR IPHONE AND ANDROID,"₦28,000"
"WHITE - Silicone Pro IPhone Case Pouch - X,XS,XR,XS MAX,11,12,13,14,15 PRO MAX","₦3,550-₦4,999"
X2 Simple And Compact Earbuds Wireless Noise Reduction No Pain Pin To Ear Sports Bluetooth Headset Headphone Earbuds for both iPhone and android devices,"₦18,452"
Type Z Fast Type -C Iphone Charger Head AND CORD TYPE C Adapter,"₦4,500"
"Holder Portable Phone Holder Mobile  IPhone, Smart Phones (Foldable)","₦3,500"
"WIRELESS CHARGER Portable Magnetic Fast Wireless Charging Power Bank For IPhone X 11 12 13 14 15 PRO MAX, Samsungs","₦10,400"
Original Fast Charger With Lightning USB Data Cable For IPhone +earpiece,"₦5,000"
K9 Single Wireless Lapel Microphone Lavalier Mic TYPE-C Android IPhone + IOS Adapter,"₦9,950"
Acrylic Hybrid shockproof case for Apple iphone 17 Pro Max,"₦10,000"
Pro5s EarPod Heavy Bass For IOS(iPhone) & Android Devices,"₦6,000"
"4 in 1 Wireless Lavalier Dual Noise Cancellations Microphone (2 lavaliers Microphones for PC, Camera, Type C and iPhone","₦19,990"
Otter Box OtterBox Defender Case For IPhone 14 Pro Max,"₦13,000"
Tempered Glass Camera Lens Protector for iPhone 17 Pro Max,"₦7,000"
Matte 3-Pack Privacy Screen Protector Protective Film for iPhone 16/16 Plus/16 Pro/16 Pro Max/16e,"₦4,900"
Adapter OTG Tpye-c IPhone Flash Drive Audio Black,"₦4,288"
Dual Wireless Microphone For IPhone & Type-C + IOS Adapter,"₦11,250"
Livestream Sound Card Professional Volume Adjustable USB Live Stream Audio Card Adapter For PC Computer Laptop Streaming Soundcard Android and Iphone phone voice changer effects,"₦29,650"
"SHPLUS  USB 3IN1 IPhone, Type C, Android USB, Fast Charging Cable","₦3,000"
"Large 30CM Selfie Ring Light With Tripod Stand & Cell Phone Holder For Live Stream/Makeup, Led Camera Ringlight For YouTube Video/Photography Compatible With IPhone Android Phones (Upgraded)","₦13,990"
"Dual Type C Ports For Fast Charging For IPhone 16, 15, 14, 13, 12, 11, Promax, Samsung And Other Type C Devices And Ipads","₦5,900"
Magsafe Wireless Charging Case For IPhone 14 Plus 13 12 11 Pro Max Clear Plating Shookproof Cover,"₦5,000-₦6,500"
"NEW Wave Pattern IPhone Case/Pouch - X,XS,XR,11.........15,16PRO MAX","₦3,350-₦6,000"
New IPhone 11 12 13 Pro Max 12 13 Mini Xs Xr Xs Max Silicone Back Case - Blue,"₦3,900-₦6,900"
Full Camera Lens Shield Protector For IPhone 12Pro Max,"₦3,200"
"Phone Cooler with Back Clip,Fast Semiconductor Cooling, RGB Lights & Silent Fan for Mobile Gaming Android iPhone Compatible","₦10,835"
"2Pcs Silicone Suction Phone Case Adhesive Mount, Anti-Slip Hands-Free Phone Holder, Sticky Phone Grip Compatible With IPhone And Android Cases For Tiktok Videos And Selfies, Light Pink & White","₦3,085"
Quality IPHONE 16 Promax/16 Pro/16/15 Promax/15 Pro/15 Plus/15/14 Promax/14 Pro/14/13 Promax/13 Pro/13/12 Promax/12 Pro/12/11 Promax/11 Pro/11/Xs Max/X/Xs/Xr/8 Plus/7 Plus/7/8 Clear Solid Magsafe Transparent Back Case,"₦3,300-₦4,270"
K9 Dual Wireless Lapel Microphone Lavalier Mic TYPE-C Android Phones IPhone + IOS Adapter,"₦12,995"
Zealot Wireless Stereo Earphone Wireless Bluetooth Headphones  For Iphone And Android Earpóds Headset Gaming For Cheap Price,"₦17,000"
"New IPhone X, 11 12 13 14 Pro Max 12 13 Mini Xs Xr Xs Max Silicone Back Case - Blue","₦2,500-₦2,999"
K9 Dual Wireless Microphone TYPE-C Android IPhone IOS Condenser Mic Wireless Lapel Microphone,"₦10,895"
"Large 26CM Selfie Ring Light With Tripod Stand & Cell Phone Holder For Live Stream/Makeup, Led Camera Ringlight For YouTube Video/Photography Compatible With IPhone And  Android Phones (Upgraded)","₦18,990"
"WIRELESS CHARGER Portable Magnetic Fast Wireless Charging Power Bank For IPhone X 11 12 13 14 15 PRO MAX, Samsungs","₦9,999"
"Apple IPhone 11 Pro Max 6.5-Inch (4GB RAM, 256GB ROM ),iOS 13, (12MP+12MP+12MP)+12MP 4G LTE Smartphone - Space Grey","₦680,000"
Hybrid Defender Case For Apple IPhone 17 Pro Max,"₦15,000"
PRO Lavalier Wireless Microphone 3 In 1 for Videoke iPhone Android SLR Camera USB C Nigeria,"₦11,270"
IPHONE 17 PRO MAX FULL PRIVACY SCREEN GUARD PROTECTOR,"₦8,000"
Adjustable IPhone Desktop Mobile Phone Stand Holder,"₦3,400"
Apple IPhone 17 Pro Max - 12GB- 2TB - Cosmic Orange,"₦4,799,000"
"12inches Selfie Ring Light With Tripod Stand & Cell Phone Holder For Live Stream/Makeup, Led Camera Ringlight For YouTube Video/Photography Compatible With IPhone Android Phones","₦13,990"
Apple IPhone 6 Plus 6s Plus Case Airbag Cover Clear Transparent Soft TPU For IPhone 6 6s Case Casing Mobile Phone Protector Cheap XIAO-Y,"₦22,227"
"Solid Portable Magnetic Fast Wireless Charging Power Bank For IPhone X 11 12 13 14 15 16 17 PRO MAX, Samsungs","₦10,000"
IPhone 6 99.9%NEW 1GB RAM+32GB ROM 1810mAh Single SIM 4.7 Inch Retina HD Display 8MP Camera Touch ID Smartphone,"₦68,898"
"WIRELESS CHARGER WIRELESS CHARGING Portable Magnetic Fast Wireless Charging Power Bank For IPhone X 11 12 13 14 15 PRO MAX, Samsungs","₦16,000"
Iphone 17 pro max 21D Strong screen protector,"₦5,000"
Camera Lens Converter For IPhone XS MAX To 11 Pro Max,"₦3,700"
2Pcs Mirco Usb To Lightning Charging Adapter For IPhone 11,"₦3,400"
V8 Fashion Phone Bluetooth Wireless Mobile Phone Gaming Triggers Controller Game Pad Android Ipads & Iphone / IOS / PC / PS3 Gamepad,"₦16,500"
IPhone X XS XSmax Seconds Change 11 PRO MAX Newest Metal Aluminum Camera Lens Case Sticker Full Camera Protective Cover SILVER,"₦2,500"
"TWS in-ear headphones, 9D stereo, HD audio, clear call, touch control and lightweight design, compatible with iPhone and Android, stereo 5.0 gaming headphones with microphone, high color value, long endurance sports headphones ( WHITE )","₦8,990"
Xundd Transparent Case For Iphone 16 Pro Max,"₦14,000"
35W Iphone USB-C To Lightning PD Fast Lightning Charger,"₦5,680"
For IPhone X XS Max XR Seconds Change 11 PRO MAX Lens Sticker 11PRO MAX Luxury Metal Alumium Camera Lens Case Protective Cover(#Gold X XS XSMAX) YUA,"₦3,300"
"Samsung Type C Earpiece - Earbuds for S24/S23/S22/S21, iPhone 15, IPhone 16 & All Type C Enable Device, Capacitive Microphone, Volume Control Headphone.","₦4,999"
Type C Lighting Super Fast Original Charger For Iphone 15/5pro/15promax/14 Pro Max/14 Plus/14/13 Pro Max/13 Pro/13/13 Mini/12 Pro Max/12 Pro/12/12 Mini/11 Pro Max/11 Pro/11 And Ipads 0014,"₦4,500"
SHPLUS Type C+ USB ANDROID IPHONE Charger PD Charger,"₦6,900"
SanDisk 32GB Ultra Memory Card SDHC Card C10 (not For IPhone),"₦6,600"
"Iphone X, XS, XR, XS MAX,11,12,13,14,15 PRO MAX MagSafe Transparent Magnetic Case Compatible For Wireless Charging","₦2,500-₦3,500"
Otg 64Gb 4in1 Otg Usb Flash Drive 2.0 For Iphone Ipad Android,"₦14,900"
"Apple IPhone 13 Pro Max 6.7"" - 256GB ROM + 6GB RAM - IOS 15, 5G","₦950,000"
Apple iPhone 17 Pro Max 5G 6.9'' 12GB RAM 2TB ROM Nano SIM - Silver,"₦5,250,000"
"Shockproof Transparent Back Clear Case For IPhone 14,13, 12, 11 Pro Max, Mini, Xs, X, Xr, Xs Max, 7, 8 Plus, Se 2020, 6s Plus, 6s, 6 ( Transparent)","₦2,000"
360 Rugged Case + Inbuilt Screen Guard For IPhone 14 Pro Max,"₦15,000"
IPhone 12 Mini/13 Mini Silicone Back Case - Black,"₦4,000"
"Apple iPhone 12 Pro - 6.1"" - 256GB ROM - 6GB RAM - 5G - Single Nano Sim - Pacific Blue","₦675,000"
Carbon Fiber Texture For iPhone 15 pro Max/16/16 plus/16 pro/16 Pro Max quality protective back Case,"₦8,000"
"4-in-1 Super Fast Charging Cable ( 65W + 27W  ) Dual Type-C & USB Lighting Connectors, PD 3.0 Charger Cable, Compatible with  All iPhones & Type C Gadgets & Power Bank","₦4,490"
USB Flash Drive Photo Stick 4 In 1 USB 3.0 High Speed Thumb Drive Memory Stick Portable Jump Drive Storage Device For IPhone/IPad/Computer/Laptop/PC/Andriod External Data Storage,"₦39,000"
3-In-1 Lightning SD/USB Reader For IPhone/iPad (Plug 'n' Play For Photo And File Transfer Adapter),"₦12,998"
IPHONE 16 Plus Flexible Protective Transparent Magsafe Back Case,"₦4,000"
"SOLID Camera Lens Converter, Iphone XR Change To IPhone 11","₦3,400"
"Wireless Audio, Video Recording Microphone For IPhone","₦13,550"
USB Fast Charger Cable For IPhone,"₦2,400"
"Otg USB 3.0 OTG Adapter Compatible With Iphone Models 14, 13, 12, 11 Pro, XS Max, XR, X, 8 Plus, 7, 6S, And Ipad - Lightning Male To USB 3.0 Adapter Flash Drive","₦5,490"
S90 Wireless Charger Stand Pad Desktop Mobile Phone Holder Bracket 15W Fast Charging Station DoMount For IPhone Samsung Xiaomi LG,"₦10,000"
K9 Microphone Dual Wireless Microphone TYPE-C Android IPhone IOS Wireless Lapel Microphone,"₦10,999"
Solid IPhone 6 Plus /6s Plus Silicone Back Case - Red,"₦2,000"
"Dual Type C Ports for Fast charging For iPhone 16, 15, 14, 13, 12, 11, Promax, Samsung and Other Type C Devices and Ipads","₦5,550-₦5,700"
"F11-2 Dual Noise Cancelling Wireless Microphone With 3 in 1 Receiver For iPhone,Type C and Camera","₦22,500"
"New Age 4-in-1 65W Fast Charging Cable – USB-C, Lightning, Micro USB for iPhone, Android, MacBook","₦5,999"
Lightning To 3.5MM Pin Mouth Digital Audio IPhone Jàck,"₦2,998"
For Iphone Xs Max Sleek Back Case Silicon Protective Pouch,"₦3,000"
"iPhone 17 Air Silicone Phone Case & Pouch With Camera Protection - Scratch Resistance, Shockproof Protective Case. Guard Your iPhone, Elevate Your Style - ( Black )","₦5,216"
PD45W Type C Fast Charge For IPhone 15 Pro Max Samsung,"₦3,700"
Lightning To 3.5MM Digital Audio IPhone Jàck,"₦2,999"
"65W  Type C To Type C Charger For Iphone 16, 15, 16/15 Pro Max, Ipad, MacBook Samsung, Android Etc","₦6,500"
"Apple IPhone 13 - 6.1"" - 128GB ROM, 4GB RAM, 3240mAh - White","₦630,000"
Reabon Screen Replacement For IPhone Xs Max,"₦55,000"
Quality IPHONE 16 Magnetic Magsafe Transparent Back Case,"₦8,500"
WIRELESS CHARGER Wireless Phone Charger IPhone And Android Fast Charger For QI Devices Only,"₦7,800"
"Iphone X, XS, XR, XS MAX,11,12,13,14,15 PRO MAX MagSafe Transparent Magnetic Case Compatible For Wireless Charging","₦2,000-₦3,800"
Otg IPhone OTG To Type A USB 3.0 Flash Drive Reader,"₦3,499"
IPhone 12/12Pro/12Pro Max 360 Degree Full Transparent Front And Back Cover,"₦2,600-₦2,800"
"WIRELESS CHARGER  Portable Magnetic Fast Wireless Charging Power Bank For IPhone X 11 12 13 14 15 PRO MAX, Samsungs","₦10,400"
For IPhone 15 Pro Max MOFI PC Ultra-thin Hard Phone Case,"₦6,975"
Air Pro 3wireless Bluetooth Earpods For IPhones And Androids,"₦6,500"
"Apple IPhone 16 Plus 5G - 6.7"" - 256GB ROM - 8GB RAM - Single SIM - Pink","₦1,750,000"
"Flick 50000 MAH Large Capacity Full Backup Battery Charger For IPhone, Samsung, Android Smart Phone","₦33,500"
"Selfie Ring Light With Tripod Stand & Cell Phone Holder For Live Stream/Makeup, Led Camera Ringlight For YouTube Video/Photography Compatible With IPhone  Android Phones (Upgraded) - 6 inches","₦6,500"
"addigoes Wireless Lavalier Microphone, 130 ft Range, 24-Hour Battery, Noise Cancellation, Wireless Microphone for PC, iPhone, Andriod, Record Interview, Vlogs, Mic","₦40,768"
PD 35 Watts Fast Charging Head with type C to iPhone cable,"₦5,500"
Oraimo IPhone 2.4A Fast Charging USB Lightning Data Cable,"₦1,700"
Apple IPhone 17 Pro - 12GB- 256GB - Cosmic Orange,"₦2,499,000"
Type Z 50W PD Adapter Iphone Charger Head 2 USB C Adapter For IPhone 15/14/13/12/11/XR/ Pro Max,"₦5,500"
New IPhone 11 12 13 14 Pro Max 12 13 Mini Xs Xr Xs Max Silicone Back Case,"₦3,800"
Lightning To 3.5mm Headphone  Adapter For IPhone 7 8 X Xs Max 11pro Max,"₦2,800"
"F11-2 Dual Noise Cancelling Wireless Microphone With 3 in 1 Receiver For iPhone,Type C and Camera","₦22,900"
Vibration Bluetooth Wireless Mobile Phone Gaming Triggers Controller Game Pad Android Ipads & Iphone / IOS / PC / PS3 Gamepad,"₦13,399"
"Apple iPhone 14 Pro Max 6.7"" - 256GB ROM - 6GB RAM - iOS 16 - Nano Sim - Deep Purple","₦1,440,000"
"iPhone 17 Pro Max Privacy Screen Guard & Protector, Enhanced Tempered Glass Protection. ( Privacy Screen Guard )","₦5,691"
Seconds Change Full Back Converter From XR To IPhone 13,"₦5,900"
K9 Dual Wireless Microphone For IPhone & Android + Type C to iPhone adapter,"₦9,550"
Pro 5s EarPod For IOS(iPhone) & Android Devices,"₦7,000"
HOMILEY Wireless Bluetooth Earbuds with Powerbank (Curve-14) – TWS Noise Reduction Earphone with Mic built in Microphone - Earpiece Bass Headset Bluetooth Earphone Headphone for Android and iPhone,"₦15,000"
IPhone 14/ 14plus/ 14pro/ 14promax Front and Back Transparent Case,"₦2,500"
"Apple IPhone 13 Pro Max - 6.7"" 256GB ROM, 6GB RAM, 4352mA -Silver","₦980,000"
"Apple IPhone 16 Plus 5G - 6.7"" - 128GB ROM - 8GB RAM - Single SIM - Ultramarine","₦1,650,000"
Lightning To 3.5mm Headphone Jack-Adapter For IPhone 7 8 X Xs Max 11pro Max 12 13 14,"₦4,450"
Iphone 12 Mini Solid Privacy Screen Protector,"₦2,600"
Cord Lace 20W Original Iphone Fast Charger Data Cord Type-C  To Lightning USB Cable For Iphone 11 12 13 14 etc (iphoneTpcBraid),"₦4,470"
IPhone 11/12/13/ 14/15 Pro And Pro Max Series Privacy Screen And Camera Lens Protector,"₦5,499-₦6,999"
Earpiece Compatible With IPhones- 3.5mm Jack,"₦2,500"
Wireless Music Wireless Bluetooth Earphone 5.0 Stereo Earbuds Headphones For Android And Iphone Hear Bass Earpiece Headset Pod,"₦5,900"
Apple IPhone 16 - 8GB-256GB - 5G - Black,"₦1,899,000"
Tempered Glass Camera Lens Protector for iPhone 17 air,"₦6,000"
Apple IPhone 6 99.9%NEW 1GB RAM+16GB ROM 1810mAh Single SIM 4.7 Inch Retina HD Display 8MP Camera Touch ID Refurbished Smartphone,"₦57,949"
X5 New Invisible In Ear Wireless Noise Reduction Sleeping Sports Bluetooth Headset Headphone Earbuds For Both IPhone And Android Devices,"₦16,876"
K9 Mini Wireless Lapel Microphone Cell/Mobile Phone Professional Audio Video Recording Mic For IPhone/Android Type-c,"₦11,200"
Mniboom Bluetooth Speaker Bluetooth For Android And Iphone Earphones Earbuds Earpiece Hear Pods Headset 5.0 Airpòds Wireless Earpód Headphones,"₦18,899"
IPhone 6 Plus /6s Plus Silicone Back Case - Red,"₦2,000"
Fast Dual Type C Lighting Super Fast Charger For Iphone 14 Pro Max/14 Plus/14/13 Pro Max/13 Pro/13/13 Mini/12 Pro Max/12 Pro/12/12 Mini/11 Pro Max/11 Pro/11/Xs Max/XR/XS And Ipads,"₦5,900"
Lightning To 3.5MM Digital Audio IPhone Jack Aux Cable Mp3,"₦3,000"
Direct Original Wired EarPods For Iphone 7 8 X XS XR 11 12 13 14 Pro Max With Lightning Connector,"₦6,000"
Wired Headphones Earbuds For Iphone 7 8 X XS XR 11 12 13 IOS Original Earphone Iphone EARPIECE Headset EarPód,"₦3,000"
"Apple IPhone 15 Pro 6.1"" (128GB ROM + 8GB RAM) Nano Sim - White","₦1,500,000"
"12""inches  Selfie Ring Light With Tripod Stand & Cell Phone Holder For Live Stream/Makeup, Led Camera Ringlight For YouTube Video/Photography Compatible With IPhone Android Phones (Upgraded)","₦16,990"
"USB-C TYPE C Charger Cable for iPhone 15, Samsung And All Android Type C phone - Fast And Powerful Charge Cable, USB C Charger Cable Type C To USB C Cord - 1pcs","₦3,950"
Apple iPhone 16 Pro Max (256 GB) – Black Titanium,"₦1,953,407"
"iPhone 16 Camera Lens Protector - Camera Protection, Scratch Resistant Protective Film, 9H Hardness, Ultra Clear.","₦3,791"
K9 Dual Wireless Lapel Microphone Lavalier Mic TYPE-C Android Phones IPhone + IOS Adapter,"₦10,500"
Aux Cable For IPhone Lightning Car To 3.5mm Jàck Auxillary Audio Converter Cord Adapter Mp3,"₦3,998"
USB Cable Charger For IPhone,"₦2,200"
3 in 1 Fast iPhone Charging Cable,"₦3,500"
Buda F9 5.0 Wireless Sports Headset Ear Phone IPhone Android Buds,"₦9,450"
WIRELESS CHARGER Havit Wireless Phone Charger IPhone And Android Fast Charger,"₦39,200"
Cord Lace 20W Original Iphone Fast Charger Data Cord Type-C  To Lightning USB Cable For Iphone 11/12 (braided),"₦4,490"
Iphone 17 pro max strong privacy screen guard protector,"₦7,500"
For IPhone X XS MAX Seconds Change To 11Pro 11 PRO MAX Support Flash 3D Back Modified  Camera Sticker Metal Gl Lens Cover(#Gold) YUANDING MALL,"₦3,800"
IPhone 12Pro Max Transparent Back Cover,"₦2,400"
"IPhone 16 Pro Max Silicone Phone Case & Pouch With Camera Protection - Scratch Resistance, Shockproof Protective Case - ( BLACK )","₦4,741"
Pro5s EarPod Heavy Bass For IOS(iPhone) & Android Devices,"₦6,999-₦7,500"
DUAL SHOCK Vibration Bluetooth Wireless Mobile Phone Gaming Triggers Controller Game Pad Android Ipads & Iphone / IOS / PC / PS3 Gamepad,"₦16,500"
"Microphone Professional Condenser Recording Microphone With Noise Cancellation Vlogging Interview Mic For Android Phone, Iphone, Laptop PC & Computer","₦5,760"
"Thinkcar Thinkdiag OBD2 Scanner Bluetooth For ABS, SAS, TPMS, SAS, Battery Test, All System Bidirectional Diagnostic Scan With ECU Coding,15+ Service Functions All Software 1 Year Free - IPhone,ipad & Android","₦170,000"
IPhone 7/8/X/XR/11/12/13 Pro Max  IPhone Charger (2PIN),"₦4,990"
USB OTG Adapter For IPhone Lightning IOS 13 14 To USB,"₦5,800"
IPHONE 17 Air screen protector privacy temperate screen,"₦9,000"
"Fast 35W Type C Fast Charger Only Head For Samsung, IPhone","₦4,400"
Anycast HDMI M9 PLUS Wireless HDMI TV Same Screen Receiver Fit For Android  & Iphone Tv Mobile Screen Cast,"₦15,400"
"Fast Strong Charge TYPE C To Type C USB Cord Phone Charger Cable For Iphone 15 Samsung, Tecno, Infinix, Redmi Android UBS C Cable Cord","₦4,200"
Pro 5s EarPod For IOS(iPhone) & Android Devices,"₦6,500"
IPhone 16 Pro Max /16 Pro/16 /16 Plus Full Screen Glass Protector,"₦4,500"
USB OTG Adapter For IPhone Lightning IOS 13 14 To USB,"₦4,900"
"Type Z FOR Charger 35W USB Type C To IPhone 14 13,12 /11/X /Pro Max Fast Charger","₦4,900"
"Apple IPhone 13 Pro Max - 6.7"" - 256GB ROM - 6GB RAM - IOS 15 - 4352mAh - Gold","₦950,000"
"F11-2 Dual Noise Cancelling Wireless Microphone With 3 in 1 Receiver For iPhone,Type C and Camera","₦22,900"
"IPhone 13 Case, Rugged, Anti-slip, Transparent Case","₦4,599"
I9 Ultra Smart Watch With Free Earbuds For Iphons and Andriods,"₦16,500"
"70W Fast USB Type C Original Charger For 14, 13, 12, 11, Pro Max Iphone","₦11,000"
"Apple IPhone 12 Pro - 6.1"" 128GB ROM, 6GB ROM 5G - Silver","₦655,000"
Rugged Case With Built-in Screen Guard For IPhone 15 Pro Max,"₦15,000"
Iphone 17 pro   silicone back Case,"₦5,000"
Double Wireless Microphone TYPE-C Android Phone IPhone +IOS Adapter,"₦12,999"
Fit Type A pattern Original Type C Earpiece - For Type C Enable Android & iPhones Samsung Tecno Itel REDMI Infinix - Noice Cancellation Wired Headset,"₦4,019"
Usb-c Earpods For IPhone 17 16 15 Series And Other Type C Devices,"₦6,000"
Pro 5s EarPod For IOS(iPhone) & Android Devices,"₦8,900"
"UK Wall Plug Duck Head Adapter – Compatible with Apple MacBook Pro/Air, iPhone, iPad & More","₦5,999"
IPhone X\XS Max/7/ 7 Plus\11\12\13/ 14 Series Privacy Screen Protector - Black,"₦2,900-₦2,999"
"Tripod Support - Camera Tripod, 360 Degree Rotating Mount Stand Light Weight Selfie Stick, For Camera & Compatible With IPhone 11 12 Mini Pro Max Xs Xr SE 2020 8 Plus Note 20 Ultra S10 S10 + S10e S9 S9+ & More","₦6,000"
Nillkin Camshield Pro Case For IPhone 13 Pro Max,"₦15,800"
18W Fast Charger USB-C Power Adapter For Iphone 11/11pro Max,"₦4,700"
"Thinkcar Thinkdiag OBD2 Scanner Bluetooth For ABS, SAS, TPMS, SAS, Battery Test, All System Bidirectional Diagnostic Scan With ECU Coding,15+ Service Functions All Software 1 Year Free - IPhone,ipad & Android","₦179,999"
For IPhone X XS XSmax Seconds Change 11 PRO MAX Newest Metal Aluminum Camera Lens Case Sticker Full Camera Protective Cover(#SILVER],"₦3,000"
Usb Power Fast Charge IPhone USB Cable,"₦2,300"
Apple iPhone 17 Pro Max - 256GB - Deep Blue,"₦2,599,999"
Pro 5s EarPod For IOS(iPhone) & Android Devices,"₦7,000"
Type Z 35W Fast Type -C Iphone Charger Head AND CORD TYPE C Adapter For IPhone 12/13/14 Pro Max,"₦4,500"
IPhone Xr To 11 Converter - Full Back Sheet Camera Lens,"₦3,900"
Wireless Music Wireless Bluetooth Earphone 5.0 Stereo Earbuds Headphones For Android And Iphone Hear Bass Earpiece Headset Pod,"₦4,699"
SX21 Magnetic Lavalier Microphone With POWERBANK Audio Video Recording Mini Mic For Cell 164ft Long Range Coverage/Noise Cancellation/Power Bank Charging/ 3 In 1 Wireless Lapel Microphone For IPhone/Android Users Lightning Port Clip-On With Case,"₦27,550"
Acrylic Hybrid shockproof case for Apple iphone 17 Pro Max,"₦10,000"
PINK - Liquid Silicone Pro Soft IPhone Case Pouch,"₦3,550-₦4,999"
"TWS in-ear headphones, 9D stereo, HD audio, clear call, touch control and lightweight design, compatible with iPhone and Android, stereo 5.0 gaming headphones with microphone, high color value, long endurance sports headphones ( WHITE )","₦7,600"
Apple IPhone 16 Pro Max  - 8GB - 256GB -5G - Desert Titanium,"₦2,299,000"
BLACK iPhone 17/ 17air/ 17pro/ 17pro max silicone best case,"₦7,000"
iPhone 17 Pro Max MagSafe case,"₦15,000"
"Iphone X, XS, XR, XS MAX,11,12,13,14,15 PRO MAX MagSafe Transparent Magnetic Case Compatible For Wireless Charging","₦2,600-₦3,998"
"Apple IPHONE 11 - 6.1""  128/4GB RAM (12MP+12MP) 3110mAh WHITE","₦750,000"
For IPhone X XS XSmax Seconds Change 11 PRO MAX Newest Metal Aluminum Camera Lens Case Sticker Full Camera Protective Cover(#Black),"₦3,000"
Rugged Case With Built-in Screen Guard For IPhone 16 Pro Max,"₦15,000"
MULTI TYPE C & IPHONE CORD CHARGER SUPER-FAST,"₦3,325"
Iphone 15 Plus MagSafe Transparent Back Case,"₦4,000"
Pro 5s Earbuds For IOS(iPhone) & Android Devices,"₦6,200"
Rugged & Transparent Back Case For Apple Iphone X/XS,"₦4,999"
Otg USB-C Female  to Male Iphone Lightning Adapter for Wireless Microphones nor for Charging,"₦4,500"
Wireless Lavalier Microphone Portable Audio Video Recording Mini Mic For IPhone,"₦14,000"
"50 Watts Dual Port Charger For Iphones XR TO 14 PROMAX, Ipads","₦5,400"
"Apple IPhone 15 5G - 6.1"" - 256GB ROM, 6GB ROM, iOS 17 - Blue","₦1,045,000"
WIRELESS CHARGER Wireless Phone Charger IPhone IWatch And Pods BLACK STAND,"₦15,900"
Iphone 11 Pro Max Otter Box Defender Rugged Back Cover Case OtterBox,"₦12,200"
IPhone X Privacy Screen Protector - Black,"₦3,000"
3-in-1 Dual Wireless Microphone Lavalier Lapel Mic TYPE-C IPhone Android Phones DSLR,"₦19,500"
Apple iPhone 16 Pro Max (256 GB) - White Titanium,"₦1,953,407"
3 In 1 Wireless Lapel Microphone For Android/ IPhone Users,"₦34,500"
"60W Fast USB Type C Original Charger For 14, 13, 12, 11, Pro Max Iphone","₦6,500"
Otg 64GB Ultra OTG Micro USB Type-c Lightning 4in1 Flash Drive For IPhone Samsung Android Phones,"₦14,900"
Obdlink Mx Bluetooth EarPhone Bluetooth For Android And Iphone Earphones Earbuds Earpiece Hear Pods Headset 5.0 Airpòds Wireless Earpód Headphones,"₦14,720-₦14,920"
Iphone X/XS MagSafe Transparent Magnetic Case Compatible For Wireless Charging,"₦3,200"
K9 Dual Wireless Lapel Microphone Lavalier Mic TYPE-C Android Phones IPhone + IOS Adapter,"₦11,300"
Direct Wired Headphones Earbuds For Iphone 7 8 X XS XR 11 12 13 IOS Original Earphone Iphone EARPIECE,"₦6,500"
IPhone 12 Mini Transparent Shockproof  Protective Case,"₦4,000"
Magnetic For IPhone 14 Pro Max Leather Case With Magsafe & Ring Stand,"₦30,000"
25 Watts IPhone 7/8/X/XR/11/12/13/14 Pro Max IPhone Charger,"₦4,300"
Iphone 16/16 Plus/16 Pro/16 Pro Max Quality Solid Privacy Screen Protector,"₦2,850-₦2,900"
"Camera Lens Shield Protector For IPhone ,11,12,13,14,15 PRO MAX Etc","₦3,500"
65W Super Fast Charger Adaptive Charging For Android& Iphone,"₦8,200"
K9 Dual Wireless Microphone For IPhone & Android + IOS Adapter(Double Mic),"₦13,995"
Pro 5s EarPod For IOS(iPhone) & Android Devices,"₦6,000"
STYLUS YESIDO UNIVERSAL Stylus Pen Universal IPHONE IPAD Android Tablet Samsung ST01,"₦8,500"
Transparent 360 Degree Touch Case Front And Back For Iphone 6/6S/6 Plus/6SPlus,"₦2,650"
IPhone X\XS Max/7/ 7 Plus\11\12\13/ 14 Series Privacy Screen Protector - Black,"₦3,000-₦4,000"
"4-in-1 Super Fast Charging Cable ( 65W + 27W ) Dual Type-C & USB Lighting Connectors, PD 3.0 Charger Cable, Compatible with All iPhones & Type C Gadgets & Power Bank","₦4,000"
Designer IPhone 16 Pro Max Case - Fashionable Magnetic Pouch,"₦17,500"
iPhone 17/17Air/17 Pro/17 pro max Sleek Luxury Protective MagSafe transparent,"₦4,200-₦4,250"
"Transparent Back Clear Case For IPhone 13, 12, 11 Pro Max, Mini, Xs, X, Xr, Xs Max, 7, 8 Plus, Se 2020, 6s Plus, 6s, 6 ( Transparent)","₦3,200"
IPhone 12 12pro 12promax Genuine Smart  View Leather Case,"₦4,000"
"Iphone Fast Charger USB Data Cable For Iphone X/8/8Plus/7/7Plus/6s/6sPlus/6/6Plus/SE/5s/5, IPad 4/Mini/Air/Pro","₦3,000"
Magnetic wireless charger for iPhone  pro max,"₦10,500"
"100WD Liquid Silicone Case For IPhone 13, 12, 11 Pro Max, Mini, Xs, X, Xr, 7, 8 Plus, Se 2020, Full Lens Protection(#Dark Green Color)","₦5,000-₦5,800"
Wireless Charging Compatible Breathable Phone Case for iPhone 17 Pro max,"₦39,890"
WIRELESS CHARGER Wireless Phone Charger IPhone Android Charger STAND (BLACK),"₦15,900"
Iphone 16 Pro Max Jelly Liquid Silicone Phone Case,"₦9,000"
3.5mm Headphone Jack AUX Splitter Adapter And Charger For IPhone 12 11 XS X 8 7 ETC,"₦5,000"
Lens Converter For IPhone X XS XSmax Seconds  11 PRO MAX,"₦2,500"
"Magnetic Wireless Charger With Fast Charging Capability, Compatible With IPhone IPad X XR,11,12,13,14,15,16, Pro Max","₦9,000"
Apple IPhone 16 Pro Max - 8GB - 512GB - Single Sim - 5G - White Titanium,"₦2,150,000"
"Magnetic Powerbank For Iphones, Samsung - Wireless Powerbank","₦11,000"
IPhone 13/13 Pro/ 14 Ceramic Glass Privacy Screen Protector,"₦3,000-₦3,499"
Musical Set K9 Dual Wireless Lapel Microphone Lavalier Mic Condenser Double TYPE-C Android Phones IPhone + IOS Adapter,"₦12,999"
IPHONE Lightning To AUX 3.5mm Audio Jack Adapter Bluetooth,"₦2,900"
5.5 Feet Extendable 3 In 1 Selfie Stick With Bluetooth Remote Shutter For Android And Iphone,"₦16,000"
"Way 01 New Bluetooth Remote Controller Hand-held Selfie Stick Tripod. Perfect For Pictures, Video Recording. Compatible With Android & IPhone","₦4,300"
iPhone 14 Transparent Thermoplastic shockproof case,"₦2,000"
Wireless Charging Compatible Breathable Phone Case for iPhone 17 Pro Max,"₦38,999"
"Extendable Cell Phone Selfie Stick, With Fill Light, Smartphone Tripod Stand With Wireless Remote, 360° Rotation For IPhone/Samsung/Android Smartphones.","₦9,000"
Iphone 17 Air MagSafe Transparent Back Case,"₦5,000"
Lightning To AUX 3.5mm Audio Jack Adapter For IPhone 7 8 X XS 11 12 13 14,"₦2,900"
"EASYGO Acrylic Cell Phone Stand Holder for Desk, Clear Phone Dock Cradle Compatible with iPhone All Smartphones, Office Accessories","₦2,790"
Camera Lens Shield Protector For IPhone 11/12/13/14/15 Pro Max,"₦2,890"
Realme earbuds NEWAGE Wireless Earphones Bluetooth 5.0 For Android And Iphonè Wireless Earpóds Headphones Earbuds (ironmini),"₦16,765"
Iphone 16  / 16 Plus Magsafe UltraSlim Hard Back Protective Case,"₦7,999"
Oraimo Firefly 3 10W Fast IPhone Charger + Lightning Cable,"₦7,495"
Usb Power ORIGINAL 8 PIN Fast Charger IPhone USB Cord Charging Cable,"₦3,300"
Iphone 17 pro max transparent shockproof back Case,"₦3,500"
Cord Lace Original Iphone Fast Charger Data Cord Type-C To Lightning USB Cable For Iphones,"₦3,500"
Apple iPhone 16 Pro Max - 8GB - 256GB -5G - Desert Titanium,"₦1,920,999"
DUAL Type-c Wireless Lapel Microphone For IPhone & Android + IOS Adapter,"₦13,980"
X2 Newest Long Battery Life Simple And Compact Earbuds Wireless Noise Reduction No Pain Pin to Ear Sports Bluetooth Headset Headphone Earbuds For Both IPhone And Android Devices,"₦18,523"
Fast iPhone 15 pro max PD Car Mp3 Charger Bluetooth Mp3 car Player,"₦6,900"
IPhone 15 Pro Max Direct Earpiece,"₦7,500"
"Flick 50000 MAH Large Capacity Full For IPhone, Samsung, Android Smart Phone","₦36,000"
"Magnetic Charging Station 100W Wireless Charger Stand For Multple Devices Fast-Charging Dock-Station Phone Holder For IPhone 15,14,13,12,11 Pro Max, Samsung Xiaomi Huawei","₦16,500"
